name,cuisine,area,lat,lon,price,atmosphere,description
La Trattoria,Italian,Old Town,47.3717,8.5417,35,"Romantic, candlelit","A cozy Italian gem in a medieval Old Town alley. Handmade pasta, wood-fired pizzas, and a Tuscan wine list. Candlelit stone walls, perfect for date nights. The truffle tagliatelle is legendary."
Zeughauskeller,Swiss-German,Old Town,47.3713,8.5392,28,Historic beer hall,"Iconic 15th-century armory turned beer hall. Zurcher Geschnetzeltes, pork knuckles, rosti, and excellent draft beer. Buzzing atmosphere, a must for authentic Zurich dining."
Hiltl,Vegetarian,City Center,47.3726,8.5365,30,Modern buffet,"World's oldest vegetarian restaurant since 1898. Enormous buffet: Indian curries, Middle Eastern mezze, Asian stir-fries, Swiss classics. Rooftop terrace in summer. Great for groups."
Kronenhalle,Swiss-French,Bellevue,47.3664,8.5455,85,"Grand, art-filled","Zurich institution since 1924 with original Picasso and Chagall paintings. Beef tartare, veal cream sauce, duck confit. Impeccable white-jacket service. Where the elite dine."
Cafe Sprungli,Cafe/Patisserie,Paradeplatz,47.3695,8.5391,22,Elegant classic cafe,"Iconic confectionery since 1836. Famous Luxemburgerli macarons, rich hot chocolate, light lunches, and exquisite pastries on Paradeplatz. Perfect for an afternoon break."
Razzia,Mediterranean,Seefeld,47.3583,8.5508,45,Trendy cinema-bar,"Converted Art Deco cinema in Seefeld. Fresh seafood, grilled meats, seasonal salads. Soaring ceilings, moody lighting, Instagram-worthy. Great cocktails afterwards."
Clouds,International Fine Dining,Zurich West,47.3905,8.5161,75,Skyline views,"35th floor of Prime Tower, panoramic views of city, lake, and Alps. Seasonal, locally sourced menu with creative presentation. Sunset cocktails. Perfect for impressing guests."
Sternen Grill,Street Food,Bellevue,47.3662,8.5448,12,Street-side stand,"Zurich's most famous bratwurst stand at Bellevue. Legendary veal bratwurst with crispy Burli roll since 1963. No seating, always a line, but fast. Budget-friendly institution."
Maison Blunt,Moroccan,Niederdorf,47.3745,8.5443,42,Exotic lounge,"Step into Marrakech in Niederdorf. Low tables, silk cushions, ornate lanterns. Rich tagines, couscous, aromatic mezze. The mint tea ceremony is a highlight."
Bauschanzli,Swiss Beer Garden,Lake/River,47.3671,8.5407,25,Outdoor island,"Seasonal beer garden on a tiny island in the Limmat. Simple Swiss fare: sausages, pretzels, salads, cold beers. Magical riverside setting on summer evenings. Open May-September."
Helvetia,Swiss Modern,Stauffacher,47.3721,8.5285,32,Hip bistro,"Stylish bistro near Stauffacher with modern Swiss classics. Venison tartare, pumpkin soup with sage butter, alpine cheese fondue with truffle. Industrial-chic, young creative crowd."
Lily's,Thai,Old Town,47.3735,8.5412,38,Intimate Asian,"Refined Thai in the Old Town beyond the usual pad thai. Authentic curries, som tam salads, wok dishes with weekly Bangkok imports. Only 30 seats, exclusive feel. Best green curry in Zurich."
Spaghetti Factory,Italian,Niederdorf,47.3742,8.5432,18,"Fun, student-friendly","Budget Italian staple in Niederdorf. Enormous pasta portions with dozens of sauces, pizzas, salads. Quirky decor, buzzy atmosphere. Popular with students and families."
Alpenrose,Swiss Traditional,Niederdorf,47.3748,8.545,38,Wood-paneled Stube,"Traditional Swiss in a 16th-century Niederdorf building. Cheese fondue, raclette, Alplermagronen. Wood-paneled dining room like an Alpine chalet. Loved by locals, especially in winter."
Tibits,Vegetarian,Central Station,47.3774,8.539,24,"Casual, quick","Popular vegetarian pay-by-weight buffet near the main station. Rotating salads, warm dishes, soups, desserts. Modern, no reservations. Quick, healthy lunch option."
Dolder Grand,French Fine Dining,Dolder,47.3802,8.5679,120,Luxury hotel,"Two Michelin stars at Dolder Grand hotel. Sweeping lake and city views. French-influenced with Wagyu, langoustine, black truffle. 4,000-label wine cellar. Special celebrations only."
Coco,Pan-Asian,Langstrasse,47.3788,8.5282,26,Neon-lit street food,"Trendy Pan-Asian on Langstrasse. Bowls, bao buns, dumplings, bubble tea. Fast, affordable, perfect for quick lunch or late night. Neon interior, young crowd. Spicy dan dan noodles."
Nooba,Vietnamese,Europaallee,47.3778,8.5325,28,Modern quick-service,"Vietnamese and Asian fusion near Europaallee. Fresh pho, banh mi, summer rolls, rice bowls. Light healthy flavors, generous portions. Sleek design, order at counter. Near main station."
Rechberg 1837,Swiss/European Fine Dining,Old Town,47.373,8.5448,68,Elegant townhouse,"Beautiful 19th-century Old Town townhouse. Refined Swiss-European cuisine, multi-course tasting menu with local ingredients and French technique. Garden terrace dining. Sophisticated."
Giesserei,International,Oerlikon,47.4069,8.5232,33,Industrial communal,"Social enterprise restaurant in a converted Oerlikon foundry. Creative weekly-changing international menu, seasonal and sustainable. Communal tables, industrial space. Feel-good dining."
